{
  "todos": [],
  "pages": [
    {
      "id": 0,
      "name": "General"
    }
  ],
  "current_page_id": 0,
  "count": 0,
  "completedCount": 0,
  "showCompleted": true,
  "showBackground": true,
  "isExpanded": false,
  "useCustomColors": false,
  "priorityColors": {
    "high": {
      "r": 0.9450980424880981,
      "g": 0.42352941632270813,
      "b": 0.4588235318660736,
      "a": 1,
      "hsvHue": 0.9887222051620483,
      "hsvSaturation": 0.5518730282783508,
      "hsvValue": 0.9450980424880981,
      "hslHue": 0.9887222051620483,
      "hslSaturation": 0.8260928988456726,
      "hslLightness": 0.6843213438987732,
      "valid": true
    },
    "medium": {
      "r": 0.21568627655506134,
      "g": 0.95686274766922,
      "b": 0.6000000238418579,
      "a": 1,
      "hsvHue": 0.41975000500679016,
      "hsvSaturation": 0.774593710899353,
      "hsvValue": 0.95686274766922,
      "hslHue": 0.41975000500679016,
      "hslSaturation": 0.8957350850105286,
      "hslLightness": 0.5862821340560913,
      "valid": true
    },
    "low": {
      "r": 0.6705882549285889,
      "g": 0.7058823704719543,
      "b": 0.8549019694328308,
      "a": 1,
      "hsvHue": 0.6347500085830688,
      "hsvSaturation": 0.21559472382068634,
      "hsvValue": 0.8549019694328308,
      "hslHue": 0.6347500085830688,
      "hslSaturation": 0.38843366503715515,
      "hslLightness": 0.7627527117729187,
      "valid": true
    }
  },
  "exportPath": "~/Documents",
  "exportFormat": "markdown",
  "exportEmptySections": false
}
